|id|name
0|182749|
1|196240|
2|196310|
3|197388|
4|197751|
5|197930|
6|197964|
7|198035|
8|199170|
9|199325|
10|199419|
11|208269|
12|208393|
13|208611|
14|208952|
15|211468|
16|212721|
17|212967|
18|213305|
19|222528|
20|232410|
21|235623|
22|251265|
23|256338|
24|260231|
25|265517|
26|271202|
27|347269|
28|357795|
29|409748|
30|419803|
31|458029|
32|506898|
33|528141|
34|572017|
35|611972|
36|614315|
37|628503|
38|666976|
39|992381|
40|994370|
41|1165138|
42|1224481|
43|1262725|
44|1407942|
45|2368761|
46|2503651|
47|2559615|
48|2594552|
49|2621722|
50|2733015|
51|2858362|
52|3884287|
53|11011628|
